{
    "extends": [
        "tslint:recommended",
        "tslint-config-prettier"
    ],
    "linterOptions": {
        "exclude": [
            "api-generated/**",
            "src/*.d.ts"
        ]
    },
    "rulesDirectory": [
        "node_modules/codelyzer",
        "node_modules/rxjs-tslint"
    ],
    "rules": {
        "trailing-comma": [
            false,
            {
                "multiline": "always",
                "singleline": "never"
            }
        ],
        "interface-name": [
            false,
            "always-prefix"
        ],
        "component-class-suffix": true,
        // "component-selector": [true, "element", "my", "kebab-case"],
        "directive-class-suffix": true,
        // "directive-selector": [true, "attribute", "my", "camelCase"],
        "import-destructuring-spacing": true,
        "no-attribute-parameter-decorator": true,
        "no-forward-ref": true,
        "no-input-rename": true,
        "no-output-rename": true,
        "only-arrow-functions": false,
        "pipe-naming": [
            true,
            "camelCase",
            "my"
        ],
        "use-host-property-decorator": true,
        "use-input-property-decorator": true,
        "use-life-cycle-interface": true,
        "use-output-property-decorator": true,
        "use-pipe-transform-interface": true,
        "no-console": [
            true,
            "time",
            "timeEnd",
            "trace"
        ],
        "max-line-length": [
            true,
            100
        ],
        "no-string-literal": false,
        "no-use-before-declare": true,
        "object-literal-sort-keys": false,
        "ordered-imports": false,
        "quotemark": [
            true,
            "single",
            "avoid-escape"
        ],
        "variable-name": [
            true,
            "allow-leading-underscore",
            "allow-pascal-case",
            "ban-keywords",
            "check-format"
        ],
        "rxjs-collapse-imports": true,
        "rxjs-pipeable-operators-only": true,
        "rxjs-no-static-observable-methods": true,
        "rxjs-proper-imports": true
    }
}
